[
  {
    "title": "Materialise",
    "description": "Materialise Process Tuner turns process development into an automated, streamlined workflow of 3d printing.",
    "backgroundColor": "#2196F3",
    "link": "",
    "pages": [
			"https://www.materialise.com/en/software/process-tuner",
			"https://youtu.be/-k2VClZWF1E",
			"https://youtu.be/uMhae71DX9k"
		],
    "preview": "./img/mat/mat_preview.jpg",
    "galerylayoutFirst": "",
    "galerylayout": [],
    "rel": "group-mat",
    "env": "ReactJS"
  },
  {
    "title": "Testinterview",
    "description": "portal for video interviews with backend on <a target='_blank' href='https://nestjs.com/'>NestJS</a> and <a target='_blank' href='https://mongoosejs.com/'>Mongoose</a> for work with mongoDB",
    "backgroundColor": "#08475e",
    "link": "https://thetestinterview.tk/",
    "pages": [],
    "preview": "./img/tiv/tiv_preview.jpg",
    "galerylayoutFirst": "./img/tiv/tiv_page1.jpg",
    "galerylayout": ["./img/tiv/tiv_page2.jpg", "./img/tiv/tiv_page3.jpg"],
    "rel": "group-tiv",
    "env": "Angular 2+"
  },
  {
    "title": "getrate.me",
    "description": "widget of comments and reviews on Angular 5 for wordpress",
    "backgroundColor": "#059d8e",
    "link": "",
    "pages": [
      "https://getrate.me/ru/reviews-example",
      "https://getrate.me/ru/comments-example"
    ],
    "preview": "./img/gtr/gtr_preview.jpg",
    "galerylayoutFirst": "./img/gtr/gtr_page1.jpg",
    "galerylayout": ["./img/gtr/gtr_page2.jpg", "./img/gtr/gtr_page3.jpg"],
    "rel": "group-gtr",
    "env": "Angular 2+"
  },
  {
    "title": "Tripshock",
    "description": "trips store",
    "backgroundColor": "#3e424b",
    "link": "https://www.tripshock.com/",
    "pages": [],
    "preview": "./img/trs/trs_preview.jpg",
    "galerylayoutFirst": "./img/trs/trs_page1.jpg",
    "galerylayout": [
      "./img/trs/trs_page2.jpg",
      "./img/trs/trs_page3.jpg",
      "./img/trs/trs_page4.jpg"
    ],
    "rel": "group-trs",
    "env": "ReactJS"
  },
  {
    "title": "Rocketsevent",
    "description": "promo site for a company that specializes on conducting entertaining events",
    "backgroundColor": "rgba(191,43,128,1)",
    "link": "http://rocketsevent.com/",
    "pages": [],
    "preview": "./img/rockets/r_preview.jpg",
    "galerylayoutFirst": "./img/rockets/r_page1.jpg",
    "galerylayout": ["./img/rockets/r_page2.jpg", "./img/rockets/r_page3.jpg"],
    "rel": "group-rock",
    "env": "jQuery"
  },
  {
    "title": "Univest",
    "description": "website for a company that specializes in printing advertising materials",
    "backgroundColor": "#317331",
    "link": "http://univest.ua/",
    "pages": [],
    "preview": "./img/uni/uni_preview.jpg",
    "galerylayoutFirst": "./img/uni/uni_page1.jpg",
    "galerylayout": ["./img/uni/uni_page2.jpg", "./img/uni/uni_page3.jpg"],
    "rel": "group-uni",
    "env": "jQuery"
  },
  {
    "title": "kotel parts",
    "description": "kotel parts store Visit the website",
    "backgroundColor": "#47586e",
    "link": "http://kotel.parts/",
    "pages": [],
    "preview": "./img/kot/kot_preview.jpg",
    "galerylayoutFirst": "./img/kot/kot_page1.jpg",
    "galerylayout": ["./img/kot/kot_page2.jpg", "./img/kot/kot_page3.jpg"],
    "rel": "group-kot",
    "env": "jQuery"
  },
  {
    "title": "united",
    "description": "website for oldest rental company in Ukraine",
    "backgroundColor": "#FE7B15",
    "link": "http://united.in.ua/",
    "pages": [],
    "preview": "./img/unit/unit_preview.jpg",
    "galerylayoutFirst": "./img/unit/unit_page1.jpg",
    "galerylayout": [
      "./img/unit/unit_page2.jpg",
      "./img/unit/unit_page3.jpg",
      "./img/unit/unit_page4.jpg",
      "./img/unit/unit_page5.jpg",
      "./img/unit/unit_page6.jpg"
    ],
    "rel": "group-unit",
    "env": "jQuery"
  },
  {
    "title": "Stezor",
    "description": "is a platform for publishing and viewing user content, that provide space for self-expression",
    "backgroundColor": "#3e424b",
    "link": "https://stezor.com/",
    "pages": [],
    "preview": "./img/asg/asg_preview.jpg",
    "galerylayoutFirst": "./img/asg/asg_page1.jpg",
    "galerylayout": [
      "./img/asg/asg_page2.jpg",
      "./img/asg/asg_page3.jpg",
      "./img/asg/asg_page4.jpg"
    ],
    "rel": "group-asg",
    "env": "ReactJS"
  },
  {
    "title": "Karamelia",
    "description": "Project for karamelia online shop",
    "backgroundColor": "#67452e",
    "link": "http://karamelia.com.ua/",
    "pages": [],
    "preview": "./img/kar/kar_preview.jpg",
    "galerylayoutFirst": "./img/kar/kar_page1.jpg",
    "galerylayout": ["./img/kar/kar_page2.jpg", "./img/kar/kar_page3.jpg"],
    "rel": "group-kar",
    "env": "jQuery"
  },
  {
    "title": "linear",
    "description": "Project, that I develop for <a class='portfolio_item_link' href='http://linear.com.ua/'>linear.com.ua</a> online shop",
    "backgroundColor": "#f64545",
    "link": "",
    "pages": [
      "http://pikapoool.github.io/portfolio/lin/",
      "http://pikapoool.github.io/portfolio/lin/lk.html",
      "http://pikapoool.github.io/portfolio/lin/productCard1.html"
    ],
    "preview": "./img/lin/lin_preview.jpg",
    "galerylayoutFirst": "./img/lin/lin_page1.jpg",
    "galerylayout": ["./img/lin/lin_page2.jpg", "./img/lin/lin_page3.jpg"],
    "rel": "group-lin",
    "env": "jQuery"
  },
  {
    "title": "avan cash",
    "description": "application for steam gaming things, with backand on Laravel and steam trading bot",
    "backgroundColor": "#448FE2",
    "link": "https://avan.cash/",
    "pages": [],
    "preview": "./img/avan/avan_preview.jpg",
    "galerylayoutFirst": "./img/avan/avan_page1.jpg",
    "galerylayout": ["./img/avan/avan_page2.jpg"],
    "rel": "group-avan",
    "env": "Angular 2+"
  },
  {
    "title": "Verholy relax park",
    "description": "Project for verholy relax park",
    "backgroundColor": "#2b1c17",
    "link": "http://verholy.com/",
    "pages": [],
    "preview": "./img/ver/ver_preview.jpg",
    "galerylayoutFirst": "./img/ver/ver_page1.jpg",
    "galerylayout": ["./img/ver/ver_page2.jpg", "./img/ver/ver_page3.jpg"],
    "rel": "group-ver",
    "env": "jQuery"
  },
  {
    "title": "mini blog",
    "description": "experimental project on <strong><a class='portfolio_item_link' href='https://angular.io/'>Angular 2+</a></strong> famework and <strong><a class='portfolio_item_link' href='https://firebase.google.com/'>Firebase</a></strong> ",
    "backgroundColor": "#673ab7",
    "link": "http://pikapoool.github.io/portfolio/mini-blog",
    "pages": [],
    "preview": "./img/mb/mb_preview.jpg",
    "galerylayoutFirst": "./img/mb/mb_page1.png",
    "galerylayout": ["./img/mb/mb_page2.png"],
    "rel": "group-mb",
    "env": "Angular 2+"
  },
  {
    "title": "task traking system",
    "description": "experimental project on <strong><a class='portfolio_item_link' href='https://reactjs.org/'>ReactJS</a></strong> famework",
    "backgroundColor": "#4298EB",
    "link": "http://pikapoool.github.io/portfolio/myproject/#/signin",
    "pages": [],
    "preview": "./img/mp/mp_preview.jpg",
    "galerylayoutFirst": "./img/mp/mp_preview.jpg",
    "galerylayout": [],
    "rel": "group-mp",
    "env": "ReactJS"
  },
  {
    "title": "practika vlasti",
    "description": "political news Visit the website",
    "backgroundColor": "#006bbe",
    "link": "http://practika-vlasti.com/",
    "pages": [],
    "preview": "./img/prac/pr_preview.jpg",
    "galerylayoutFirst": "./img/prac/pr_page1.jpg",
    "galerylayout": ["./img/prac/pr_page2.jpg", "./img/prac/pr_page3.jpg"],
    "rel": "group-prac",
    "env": "jQuery"
  },
  {
    "title": "devchallenge task",
    "description": "Project, that I develop for 11th <a class='portfolio_item_link' href='http://devchallenge.it'>devchallenge.it</a> championship 1st part of competition, using <strong><a class='portfolio_item_link' href='https://reactjs.org/'>ReactJS</a></strong> famework",
    "backgroundColor": "#459DDD",
    "link": "http://pikapoool.github.io/portfolio/devchallenge-11-semifinal",
    "pages": [],
    "preview": "./img/devchel11/devchel11_preview.jpg",
    "galerylayoutFirst": "./img/devchel11/devchel11_page1.png",
    "galerylayout": [
      "./img/devchel11/devchel11_page2.png",
      "./img/devchel11/devchel11_page3.png"
    ],
    "rel": "group-dev111",
    "env": "ReactJS"
  },
  {
    "title": "devchallenge task",
    "description": "Project, that I develop for 10th <a class='portfolio_item_link' href='http://devchallenge.it/'>devchallenge.it</a> championship 2st part of competition",
    "backgroundColor": "#191e3f",
    "link": "",
    "pages": ["http://pikapoool.github.io/portfolio/devchallenge2/"],
    "preview": "./img/devchel2/dch2_preview.jpg",
    "galerylayoutFirst": "./img/devchel2/dch2_preview.jpg",
    "galerylayout": [],
    "rel": "group-dev102",
    "env": "jQuery"
  },
  {
    "title": "devchallenge task",
    "description": "Project, that I develop for 10th <a class='portfolio_item_link' href='http://devchallenge.it/'>devchallenge.it</a> championship 1st part of competition",
    "backgroundColor": "rgba(135,64,200,1)",
    "link": "",
    "pages": [
      "http://pikapoool.github.io/portfolio/devchallenge/",
      "http://pikapoool.github.io/portfolio/devchallenge/lecture.html",
      "http://pikapoool.github.io/portfolio/devchallenge/lecture-more.html"
    ],
    "preview": "./img/devchel/dch_preview.jpg",
    "galerylayoutFirst": "./img/devchel/dch_page1.jpg",
    "galerylayout": [
      "./img/devchel/dch_page2.jpg",
      "./img/devchel/dch_page3.jpg"
    ],
    "rel": "group-dev101",
    "env": "jQuery"
  },
  {
    "title": "Casa di Cura",
    "description": "promo site for nursing home",
    "backgroundColor": "#e68946",
    "link": "http://pansion-mo.ru/",
    "pages": [],
    "preview": "./img/casa/cdc_preview.jpg",
    "galerylayoutFirst": "./img/casa/cdc_page1.jpg",
    "galerylayout": ["./img/casa/cdc_page2.jpg", "./img/casa/cdc_page3.jpg"],
    "rel": "group-casa",
    "env": "jQuery"
  },
  {
    "title": "equipment",
    "description": "website for equipment company",
    "backgroundColor": "#DC1F26",
    "link": "",
    "pages": ["http://pikapoool.github.io/portfolio/equi/"],
    "preview": "./img/equi/equi_preview.jpg",
    "galerylayoutFirst": "./img/equi/equi_page1.jpg",
    "galerylayout": [],
    "rel": "group-equi",
    "env": "jQuery"
  },
  {
    "title": "smak",
    "description": "landing page",
    "backgroundColor": "#FFE600",
    "link": "",
    "pages": ["http://pikapoool.github.io/portfolio/smak/"],
    "preview": "./img/smak/sm_preview.jpg",
    "galerylayoutFirst": "./img/smak/sm_page1.jpg",
    "galerylayout": [],
    "rel": "group-smak",
    "env": "jQuery"
  },
  {
    "title": "motion",
    "description": "landing page",
    "backgroundColor": "#d94948",
    "link": "",
    "pages": ["http://pikapoool.github.io/portfolio/motion/"],
    "preview": "./img/mot/mot_preview.jpg",
    "galerylayoutFirst": "./img/mot/mot_page1.jpg",
    "galerylayout": [],
    "rel": "group-mot",
    "env": "jQuery"
  },
  {
    "title": "corporatix",
    "description": "one of my first works",
    "backgroundColor": "#565f81",
    "link": "",
    "pages": ["http://pikapoool.github.io/portfolio/corporatix/"],
    "preview": "./img/cor/cor_preview.jpg",
    "galerylayoutFirst": "./img/cor/cor_page1.jpg",
    "galerylayout": [],
    "rel": "group-corp",
    "env": "jQuery"
  },
  {
    "title": "ulf",
    "description": "one of my first works",
    "backgroundColor": "#0078ae",
    "link": "https://ulf.ua/",
    "pages": [],
    "preview": "./img/ulf/ulf_preview.jpg",
    "galerylayoutFirst": "./img/ulf/ulf_page2.jpg",
    "galerylayout": [
      "./img/ulf/ulf_page2.jpg",
      "./img/ulf/ulf_page3.jpg",
      "./img/ulf/ulf_page4.jpg",
      "./img/ulf/ulf_page5.jpg",
      "./img/ulf/ulf_page6.jpg"
    ],
    "rel": "group-ulf",
    "env": "jQuery"
  }
]